dataset,model,rmse,rank
california,PyGAM,1.428598,13
california,DT_mini,0.797055,11
california,DT_large,0.784121,9
california,OLS,2.191360,16
california,LassoCV,2.087627,14
california,RidgeCV,2.178053,15
california,RF,0.718275,4
california,GBM,0.650275,2
california,MLP,1.088485,12
california,FIGS_mini,0.754661,7
california,FIGS_large,0.737994,5
california,RuleFit,0.741651,6
california,HSTree_mini,0.795105,10
california,HSTree_large,0.768189,8
california,EBM,0.660017,3
california,TabPFN,0.603275,1
california,SparseInteraction,70.915498,17
california,HingeGBM,,
abalone,PyGAM,0.705364,3
abalone,DT_mini,0.794185,15
abalone,DT_large,0.797057,16
abalone,OLS,0.721231,7
abalone,LassoCV,0.720338,6
abalone,RidgeCV,0.721876,8
abalone,RF,0.732093,9
abalone,GBM,0.735919,10
abalone,MLP,0.708886,4
abalone,FIGS_mini,0.793158,14
abalone,FIGS_large,0.789359,13
abalone,RuleFit,0.784597,12
abalone,HSTree_mini,0.800492,17
abalone,HSTree_large,0.769955,11
abalone,EBM,0.710895,5
abalone,TabPFN,0.670917,1
abalone,SparseInteraction,0.698031,2
abalone,HingeGBM,,
cpu_act,PyGAM,0.173718,3
cpu_act,DT_mini,0.253144,10
cpu_act,DT_large,0.226447,7
cpu_act,OLS,0.565065,13
cpu_act,LassoCV,0.742457,14
cpu_act,RidgeCV,0.559656,12
cpu_act,RF,0.199308,4
cpu_act,GBM,0.158850,1
cpu_act,MLP,912.810974,16
cpu_act,FIGS_mini,0.239842,8
cpu_act,FIGS_large,0.199590,5
cpu_act,RuleFit,0.318561,11
cpu_act,HSTree_mini,0.253052,9
cpu_act,HSTree_large,0.224038,6
cpu_act,EBM,0.167552,2
cpu_act,TabPFN,,
cpu_act,SparseInteraction,0.814447,15
cpu_act,HingeGBM,,
house_16H,PyGAM,0.901921,6
house_16H,DT_mini,1.042565,12
house_16H,DT_large,1.003924,10
house_16H,OLS,1.044770,14
house_16H,LassoCV,1.042664,13
house_16H,RidgeCV,0.937416,9
house_16H,RF,0.829627,2
house_16H,GBM,0.840001,3
house_16H,MLP,1.519955,16
house_16H,FIGS_mini,1.101182,15
house_16H,FIGS_large,1.007586,11
house_16H,RuleFit,0.861472,4
house_16H,HSTree_mini,0.916714,7
house_16H,HSTree_large,0.887148,5
house_16H,EBM,0.761079,1
house_16H,TabPFN,,
house_16H,SparseInteraction,0.918342,8
house_16H,HingeGBM,,
elevators,PyGAM,0.375632,2
elevators,DT_mini,0.743616,11
elevators,DT_large,0.704357,9
elevators,OLS,0.903981,15
elevators,LassoCV,0.904215,16
elevators,RidgeCV,0.876481,14
elevators,RF,0.623118,6
elevators,GBM,0.522039,5
elevators,MLP,0.983679,17
elevators,FIGS_mini,0.748350,12
elevators,FIGS_large,0.676476,7
elevators,RuleFit,0.679608,8
elevators,HSTree_mini,0.751891,13
elevators,HSTree_large,0.723031,10
elevators,EBM,0.397748,3
elevators,TabPFN,0.292001,1
elevators,SparseInteraction,0.448154,4
elevators,HingeGBM,,
pol,PyGAM,0.549154,13
pol,DT_mini,0.362666,11
pol,DT_large,0.338574,7
pol,OLS,0.709816,15
pol,LassoCV,0.710064,16
pol,RidgeCV,0.709213,14
pol,RF,0.274415,2
pol,GBM,0.299494,3
pol,MLP,0.724552,17
pol,FIGS_mini,0.356437,10
pol,FIGS_large,0.329639,6
pol,RuleFit,0.312670,4
pol,HSTree_mini,0.349503,8
pol,HSTree_large,0.325280,5
pol,EBM,0.350952,9
pol,TabPFN,0.141075,1
pol,SparseInteraction,0.453428,12
pol,HingeGBM,,
kin8nm,PyGAM,0.804420,7
kin8nm,DT_mini,0.877689,15
kin8nm,DT_large,0.890079,16
kin8nm,OLS,0.811674,8
kin8nm,LassoCV,0.811735,10
kin8nm,RidgeCV,0.811697,9
kin8nm,RF,0.781796,5
kin8nm,GBM,0.755496,4
kin8nm,MLP,0.491650,1
kin8nm,FIGS_mini,0.849805,11
kin8nm,FIGS_large,0.802428,6
kin8nm,RuleFit,0.870177,12
kin8nm,HSTree_mini,0.874538,14
kin8nm,HSTree_large,0.870956,13
kin8nm,EBM,0.715820,2
kin8nm,TabPFN,,
kin8nm,SparseInteraction,0.719028,3
kin8nm,HingeGBM,,
pmlb/1027_ESL,PyGAM,0.374026,9
pmlb/1027_ESL,DT_mini,0.576479,17
pmlb/1027_ESL,DT_large,0.529210,14
pmlb/1027_ESL,OLS,0.361241,2
pmlb/1027_ESL,LassoCV,0.361351,3
pmlb/1027_ESL,RidgeCV,0.361933,4
pmlb/1027_ESL,RF,0.463850,12
pmlb/1027_ESL,GBM,0.380681,10
pmlb/1027_ESL,MLP,0.370737,7
pmlb/1027_ESL,FIGS_mini,0.539162,15
pmlb/1027_ESL,FIGS_large,0.437071,11
pmlb/1027_ESL,RuleFit,0.366258,6
pmlb/1027_ESL,HSTree_mini,0.575679,16
pmlb/1027_ESL,HSTree_large,0.519495,13
pmlb/1027_ESL,EBM,0.364431,5
pmlb/1027_ESL,TabPFN,0.373268,8
pmlb/1027_ESL,SparseInteraction,0.358559,1
pmlb/1027_ESL,HingeGBM,,
pmlb/1028_SWD,PyGAM,0.805003,10
pmlb/1028_SWD,DT_mini,0.832135,17
pmlb/1028_SWD,DT_large,0.793244,6
pmlb/1028_SWD,OLS,0.814927,14
pmlb/1028_SWD,LassoCV,0.814599,13
pmlb/1028_SWD,RidgeCV,0.814285,12
pmlb/1028_SWD,RF,0.785704,3
pmlb/1028_SWD,GBM,0.784908,2
pmlb/1028_SWD,MLP,0.798779,9
pmlb/1028_SWD,FIGS_mini,0.805813,11
pmlb/1028_SWD,FIGS_large,0.789555,4
pmlb/1028_SWD,RuleFit,0.818640,15
pmlb/1028_SWD,HSTree_mini,0.829304,16
pmlb/1028_SWD,HSTree_large,0.798450,8
pmlb/1028_SWD,EBM,0.798100,7
pmlb/1028_SWD,TabPFN,0.784100,1
pmlb/1028_SWD,SparseInteraction,0.791999,5
pmlb/1028_SWD,HingeGBM,,
pmlb/1029_LEV,PyGAM,0.715125,8
pmlb/1029_LEV,DT_mini,0.812829,17
pmlb/1029_LEV,DT_large,0.765185,15
pmlb/1029_LEV,OLS,0.712676,6
pmlb/1029_LEV,LassoCV,0.712556,5
pmlb/1029_LEV,RidgeCV,0.712073,4
pmlb/1029_LEV,RF,0.730984,12
pmlb/1029_LEV,GBM,0.718917,10
pmlb/1029_LEV,MLP,0.714825,7
pmlb/1029_LEV,FIGS_mini,0.744305,13
pmlb/1029_LEV,FIGS_large,0.717258,9
pmlb/1029_LEV,RuleFit,0.730124,11
pmlb/1029_LEV,HSTree_mini,0.810150,16
pmlb/1029_LEV,HSTree_large,0.761625,14
pmlb/1029_LEV,EBM,0.709299,2
pmlb/1029_LEV,TabPFN,0.706330,1
pmlb/1029_LEV,SparseInteraction,0.711687,3
pmlb/1029_LEV,HingeGBM,,
pmlb/1030_ERA,PyGAM,0.815581,9
pmlb/1030_ERA,DT_mini,0.837160,16
pmlb/1030_ERA,DT_large,0.816910,11
pmlb/1030_ERA,OLS,0.808339,5
pmlb/1030_ERA,LassoCV,0.808425,7
pmlb/1030_ERA,RidgeCV,0.808370,6
pmlb/1030_ERA,RF,0.811911,8
pmlb/1030_ERA,GBM,0.815968,10
pmlb/1030_ERA,MLP,0.806530,4
pmlb/1030_ERA,FIGS_mini,0.831024,14
pmlb/1030_ERA,FIGS_large,0.822820,13
pmlb/1030_ERA,RuleFit,0.832883,15
pmlb/1030_ERA,HSTree_mini,0.837160,17
pmlb/1030_ERA,HSTree_large,0.821592,12
pmlb/1030_ERA,EBM,0.799223,1
pmlb/1030_ERA,TabPFN,0.805636,3
pmlb/1030_ERA,SparseInteraction,0.801490,2
pmlb/1030_ERA,HingeGBM,,
pmlb/1089_USCrime,PyGAM,0.465245,10
pmlb/1089_USCrime,DT_mini,0.424073,6
pmlb/1089_USCrime,DT_large,0.451548,7
pmlb/1089_USCrime,OLS,0.469238,14
pmlb/1089_USCrime,LassoCV,0.382452,3
pmlb/1089_USCrime,RidgeCV,0.479195,15
pmlb/1089_USCrime,RF,0.423608,5
pmlb/1089_USCrime,GBM,0.462335,9
pmlb/1089_USCrime,MLP,56.552592,17
pmlb/1089_USCrime,FIGS_mini,0.466245,12
pmlb/1089_USCrime,FIGS_large,0.510195,16
pmlb/1089_USCrime,RuleFit,0.395474,4
pmlb/1089_USCrime,HSTree_mini,0.459856,8
pmlb/1089_USCrime,HSTree_large,0.465630,11
pmlb/1089_USCrime,EBM,0.306072,1
pmlb/1089_USCrime,TabPFN,0.346888,2
pmlb/1089_USCrime,SparseInteraction,0.468503,13
pmlb/1089_USCrime,HingeGBM,,
pmlb/1096_FacultySalaries,PyGAM,0.410171,4
pmlb/1096_FacultySalaries,DT_mini,0.628538,15
pmlb/1096_FacultySalaries,DT_large,0.620941,13
pmlb/1096_FacultySalaries,OLS,0.364659,2
pmlb/1096_FacultySalaries,LassoCV,0.416282,5
pmlb/1096_FacultySalaries,RidgeCV,0.381891,3
pmlb/1096_FacultySalaries,RF,0.486246,7
pmlb/1096_FacultySalaries,GBM,0.510927,10
pmlb/1096_FacultySalaries,MLP,2.091116,17
pmlb/1096_FacultySalaries,FIGS_mini,0.628538,16
pmlb/1096_FacultySalaries,FIGS_large,0.620941,14
pmlb/1096_FacultySalaries,RuleFit,0.510835,9
pmlb/1096_FacultySalaries,HSTree_mini,0.586722,12
pmlb/1096_FacultySalaries,HSTree_large,0.578986,11
pmlb/1096_FacultySalaries,EBM,0.504250,8
pmlb/1096_FacultySalaries,TabPFN,0.274704,1
pmlb/1096_FacultySalaries,SparseInteraction,0.423390,6
pmlb/1096_FacultySalaries,HingeGBM,,
pmlb/1191_BNG_pbc,PyGAM,0.862047,3
pmlb/1191_BNG_pbc,DT_mini,0.929181,13
pmlb/1191_BNG_pbc,DT_large,0.930181,14
pmlb/1191_BNG_pbc,OLS,0.870524,5
pmlb/1191_BNG_pbc,LassoCV,0.924760,12
pmlb/1191_BNG_pbc,RidgeCV,0.871396,6
pmlb/1191_BNG_pbc,RF,0.869216,4
pmlb/1191_BNG_pbc,GBM,0.860402,2
pmlb/1191_BNG_pbc,MLP,2.834234,16
pmlb/1191_BNG_pbc,FIGS_mini,0.918014,10
pmlb/1191_BNG_pbc,FIGS_large,0.942724,15
pmlb/1191_BNG_pbc,RuleFit,0.871873,7
pmlb/1191_BNG_pbc,HSTree_mini,0.921734,11
pmlb/1191_BNG_pbc,HSTree_large,0.901627,9
pmlb/1191_BNG_pbc,EBM,0.849706,1
pmlb/1191_BNG_pbc,TabPFN,,
pmlb/1191_BNG_pbc,SparseInteraction,0.876460,8
pmlb/1191_BNG_pbc,HingeGBM,,
pmlb/1193_BNG_lowbwt,PyGAM,0.662464,4
pmlb/1193_BNG_lowbwt,DT_mini,0.670626,11
pmlb/1193_BNG_lowbwt,DT_large,0.687092,15
pmlb/1193_BNG_lowbwt,OLS,0.670820,12
pmlb/1193_BNG_lowbwt,LassoCV,0.670610,10
pmlb/1193_BNG_lowbwt,RidgeCV,0.670887,13
pmlb/1193_BNG_lowbwt,RF,0.660360,3
pmlb/1193_BNG_lowbwt,GBM,0.665525,6
pmlb/1193_BNG_lowbwt,MLP,0.671479,14
pmlb/1193_BNG_lowbwt,FIGS_mini,0.665872,7
pmlb/1193_BNG_lowbwt,FIGS_large,0.698200,16
pmlb/1193_BNG_lowbwt,RuleFit,0.660247,2
pmlb/1193_BNG_lowbwt,HSTree_mini,0.669669,9
pmlb/1193_BNG_lowbwt,HSTree_large,0.668142,8
pmlb/1193_BNG_lowbwt,EBM,0.656352,1
pmlb/1193_BNG_lowbwt,TabPFN,,
pmlb/1193_BNG_lowbwt,SparseInteraction,0.664622,5
pmlb/1193_BNG_lowbwt,HingeGBM,,
pmlb/1199_BNG_echoMonths,PyGAM,0.746425,7
pmlb/1199_BNG_echoMonths,DT_mini,0.771996,15
pmlb/1199_BNG_echoMonths,DT_large,0.806700,17
pmlb/1199_BNG_echoMonths,OLS,0.745226,6
pmlb/1199_BNG_echoMonths,LassoCV,0.744498,4
pmlb/1199_BNG_echoMonths,RidgeCV,0.744894,5
pmlb/1199_BNG_echoMonths,RF,0.753821,11
pmlb/1199_BNG_echoMonths,GBM,0.753559,10
pmlb/1199_BNG_echoMonths,MLP,0.751409,9
pmlb/1199_BNG_echoMonths,FIGS_mini,0.763507,13
pmlb/1199_BNG_echoMonths,FIGS_large,0.797306,16
pmlb/1199_BNG_echoMonths,RuleFit,0.750700,8
pmlb/1199_BNG_echoMonths,HSTree_mini,0.762011,12
pmlb/1199_BNG_echoMonths,HSTree_large,0.764153,14
pmlb/1199_BNG_echoMonths,EBM,0.742197,3
pmlb/1199_BNG_echoMonths,TabPFN,0.741571,1
pmlb/1199_BNG_echoMonths,SparseInteraction,0.741782,2
pmlb/1199_BNG_echoMonths,HingeGBM,,
pmlb/1201_BNG_breastTumor,PyGAM,0.946619,2
pmlb/1201_BNG_breastTumor,DT_mini,0.957695,6
pmlb/1201_BNG_breastTumor,DT_large,0.987525,15
pmlb/1201_BNG_breastTumor,OLS,0.979405,12
pmlb/1201_BNG_breastTumor,LassoCV,0.989234,16
pmlb/1201_BNG_breastTumor,RidgeCV,0.979533,13
pmlb/1201_BNG_breastTumor,RF,0.952681,5
pmlb/1201_BNG_breastTumor,GBM,0.952500,4
pmlb/1201_BNG_breastTumor,MLP,0.978552,11
pmlb/1201_BNG_breastTumor,FIGS_mini,0.948690,3
pmlb/1201_BNG_breastTumor,FIGS_large,0.980280,14
pmlb/1201_BNG_breastTumor,RuleFit,0.959659,7
pmlb/1201_BNG_breastTumor,HSTree_mini,0.966196,9
pmlb/1201_BNG_breastTumor,HSTree_large,0.966370,10
pmlb/1201_BNG_breastTumor,EBM,0.938657,1
pmlb/1201_BNG_breastTumor,TabPFN,,
pmlb/1201_BNG_breastTumor,SparseInteraction,0.963499,8
pmlb/1201_BNG_breastTumor,HingeGBM,,
pmlb/1203_BNG_pwLinear,PyGAM,0.704947,13
pmlb/1203_BNG_pwLinear,DT_mini,0.681387,12
pmlb/1203_BNG_pwLinear,DT_large,0.678855,10
pmlb/1203_BNG_pwLinear,OLS,0.705672,14
pmlb/1203_BNG_pwLinear,LassoCV,0.705699,15
pmlb/1203_BNG_pwLinear,RidgeCV,0.705941,16
pmlb/1203_BNG_pwLinear,RF,0.661040,5
pmlb/1203_BNG_pwLinear,GBM,0.651384,1
pmlb/1203_BNG_pwLinear,MLP,0.675877,8
pmlb/1203_BNG_pwLinear,FIGS_mini,0.660677,4
pmlb/1203_BNG_pwLinear,FIGS_large,0.677869,9
pmlb/1203_BNG_pwLinear,RuleFit,0.662021,6
pmlb/1203_BNG_pwLinear,HSTree_mini,0.681066,11
pmlb/1203_BNG_pwLinear,HSTree_large,0.666267,7
pmlb/1203_BNG_pwLinear,EBM,0.658559,3
pmlb/1203_BNG_pwLinear,TabPFN,,
pmlb/1203_BNG_pwLinear,SparseInteraction,0.653770,2
pmlb/1203_BNG_pwLinear,HingeGBM,,
pmlb/192_vineyard,PyGAM,0.421638,2
pmlb/192_vineyard,DT_mini,0.685621,12
pmlb/192_vineyard,DT_large,0.844272,16
pmlb/192_vineyard,OLS,0.508868,5
pmlb/192_vineyard,LassoCV,0.545154,9
pmlb/192_vineyard,RidgeCV,0.522288,7
pmlb/192_vineyard,RF,0.619561,10
pmlb/192_vineyard,GBM,0.768261,15
pmlb/192_vineyard,MLP,0.520361,6
pmlb/192_vineyard,FIGS_mini,0.684918,11
pmlb/192_vineyard,FIGS_large,0.877789,17
pmlb/192_vineyard,RuleFit,0.531009,8
pmlb/192_vineyard,HSTree_mini,0.700389,13
pmlb/192_vineyard,HSTree_large,0.715377,14
pmlb/192_vineyard,EBM,0.507385,4
pmlb/192_vineyard,TabPFN,0.389305,1
pmlb/192_vineyard,SparseInteraction,0.495869,3
pmlb/192_vineyard,HingeGBM,,
pmlb/197_cpu_act,PyGAM,0.173718,3
pmlb/197_cpu_act,DT_mini,0.253144,10
pmlb/197_cpu_act,DT_large,0.226447,7
pmlb/197_cpu_act,OLS,0.565065,13
pmlb/197_cpu_act,LassoCV,0.742457,14
pmlb/197_cpu_act,RidgeCV,0.559656,12
pmlb/197_cpu_act,RF,0.199308,4
pmlb/197_cpu_act,GBM,0.158850,1
pmlb/197_cpu_act,MLP,912.810974,16
pmlb/197_cpu_act,FIGS_mini,0.239842,8
pmlb/197_cpu_act,FIGS_large,0.199590,5
pmlb/197_cpu_act,RuleFit,0.318561,11
pmlb/197_cpu_act,HSTree_mini,0.253052,9
pmlb/197_cpu_act,HSTree_large,0.224038,6
pmlb/197_cpu_act,EBM,0.167552,2
pmlb/197_cpu_act,TabPFN,,
pmlb/197_cpu_act,SparseInteraction,0.814447,15
pmlb/197_cpu_act,HingeGBM,,
pmlb/201_pol,PyGAM,0.549154,12
pmlb/201_pol,DT_mini,0.362666,9
pmlb/201_pol,DT_large,0.335931,5
pmlb/201_pol,OLS,0.709816,15
pmlb/201_pol,LassoCV,0.710064,16
pmlb/201_pol,RidgeCV,0.709214,14
pmlb/201_pol,RF,0.274815,1
pmlb/201_pol,GBM,0.298954,2
pmlb/201_pol,MLP,0.576993,13
pmlb/201_pol,FIGS_mini,0.356437,7
pmlb/201_pol,FIGS_large,0.338477,6
pmlb/201_pol,RuleFit,0.309226,3
pmlb/201_pol,HSTree_mini,0.362635,8
pmlb/201_pol,HSTree_large,0.324726,4
pmlb/201_pol,EBM,0.367724,10
pmlb/201_pol,TabPFN,,
pmlb/201_pol,SparseInteraction,0.451722,11
pmlb/201_pol,HingeGBM,,
pmlb/210_cloud,PyGAM,0.274209,2
pmlb/210_cloud,DT_mini,0.574256,16
pmlb/210_cloud,DT_large,0.604440,17
pmlb/210_cloud,OLS,0.302598,7
pmlb/210_cloud,LassoCV,0.297391,6
pmlb/210_cloud,RidgeCV,0.302643,8
pmlb/210_cloud,RF,0.393746,9
pmlb/210_cloud,GBM,0.447321,11
pmlb/210_cloud,MLP,0.292690,5
pmlb/210_cloud,FIGS_mini,0.536609,14
pmlb/210_cloud,FIGS_large,0.498255,12
pmlb/210_cloud,RuleFit,0.447312,10
pmlb/210_cloud,HSTree_mini,0.524478,13
pmlb/210_cloud,HSTree_large,0.548092,15
pmlb/210_cloud,EBM,0.278423,3
pmlb/210_cloud,TabPFN,0.273909,1
pmlb/210_cloud,SparseInteraction,0.291978,4
pmlb/210_cloud,HingeGBM,,
pmlb/215_2dplanes,PyGAM,0.540914,16
pmlb/215_2dplanes,DT_mini,0.426038,11
pmlb/215_2dplanes,DT_large,0.293198,8
pmlb/215_2dplanes,OLS,0.535259,14
pmlb/215_2dplanes,LassoCV,0.535068,13
pmlb/215_2dplanes,RidgeCV,0.535296,15
pmlb/215_2dplanes,RF,0.250394,6
pmlb/215_2dplanes,GBM,0.235261,2
pmlb/215_2dplanes,MLP,0.243816,5
pmlb/215_2dplanes,FIGS_mini,0.397537,10
pmlb/215_2dplanes,FIGS_large,0.243363,4
pmlb/215_2dplanes,RuleFit,0.262276,7
pmlb/215_2dplanes,HSTree_mini,0.426049,12
pmlb/215_2dplanes,HSTree_large,0.293207,9
pmlb/215_2dplanes,EBM,0.236124,3
pmlb/215_2dplanes,TabPFN,,
pmlb/215_2dplanes,SparseInteraction,0.228684,1
pmlb/215_2dplanes,HingeGBM,,
pmlb/218_house_8L,PyGAM,0.697595,3
pmlb/218_house_8L,DT_mini,0.762756,6
pmlb/218_house_8L,DT_large,0.786732,11
pmlb/218_house_8L,OLS,1.089536,15
pmlb/218_house_8L,LassoCV,1.087215,14
pmlb/218_house_8L,RidgeCV,0.854787,12
pmlb/218_house_8L,RF,0.704566,4
pmlb/218_house_8L,GBM,0.690860,1
pmlb/218_house_8L,MLP,1.410088,16
pmlb/218_house_8L,FIGS_mini,0.785629,10
pmlb/218_house_8L,FIGS_large,0.784108,8
pmlb/218_house_8L,RuleFit,0.784780,9
pmlb/218_house_8L,HSTree_mini,0.770780,7
pmlb/218_house_8L,HSTree_large,0.751358,5
pmlb/218_house_8L,EBM,0.695569,2
pmlb/218_house_8L,TabPFN,,
pmlb/218_house_8L,SparseInteraction,1.016446,13
pmlb/218_house_8L,HingeGBM,,
pmlb/225_puma8NH,PyGAM,0.752715,14
pmlb/225_puma8NH,DT_mini,0.713115,12
pmlb/225_puma8NH,DT_large,0.671396,9
pmlb/225_puma8NH,OLS,0.781513,17
pmlb/225_puma8NH,LassoCV,0.781055,15
pmlb/225_puma8NH,RidgeCV,0.781400,16
pmlb/225_puma8NH,RF,0.617547,2
pmlb/225_puma8NH,GBM,0.618783,4
pmlb/225_puma8NH,MLP,0.617553,3
pmlb/225_puma8NH,FIGS_mini,0.695208,10
pmlb/225_puma8NH,FIGS_large,0.670046,8
pmlb/225_puma8NH,RuleFit,0.666590,7
pmlb/225_puma8NH,HSTree_mini,0.710840,11
pmlb/225_puma8NH,HSTree_large,0.659796,6
pmlb/225_puma8NH,EBM,0.622858,5
pmlb/225_puma8NH,TabPFN,0.575652,1
pmlb/225_puma8NH,SparseInteraction,0.750824,13
pmlb/225_puma8NH,HingeGBM,,
pmlb/227_cpu_small,PyGAM,0.204787,3
pmlb/227_cpu_small,DT_mini,0.285635,10
pmlb/227_cpu_small,DT_large,0.244801,7
pmlb/227_cpu_small,OLS,0.611171,13
pmlb/227_cpu_small,LassoCV,0.742457,14
pmlb/227_cpu_small,RidgeCV,0.562913,12
pmlb/227_cpu_small,RF,0.218315,4
pmlb/227_cpu_small,GBM,0.187871,1
pmlb/227_cpu_small,MLP,724.021529,16
pmlb/227_cpu_small,FIGS_mini,0.251926,8
pmlb/227_cpu_small,FIGS_large,0.221763,5
pmlb/227_cpu_small,RuleFit,0.344653,11
pmlb/227_cpu_small,HSTree_mini,0.284538,9
pmlb/227_cpu_small,HSTree_large,0.243118,6
pmlb/227_cpu_small,EBM,0.192590,2
pmlb/227_cpu_small,TabPFN,,
pmlb/227_cpu_small,SparseInteraction,0.747580,15
pmlb/227_cpu_small,HingeGBM,,
pmlb/228_elusage,PyGAM,0.478782,10
pmlb/228_elusage,DT_mini,0.471935,8
pmlb/228_elusage,DT_large,0.426362,3
pmlb/228_elusage,OLS,0.511401,15
pmlb/228_elusage,LassoCV,0.480834,12
pmlb/228_elusage,RidgeCV,0.510593,14
pmlb/228_elusage,RF,0.425804,1
pmlb/228_elusage,GBM,0.436995,4
pmlb/228_elusage,MLP,1.207429,17
pmlb/228_elusage,FIGS_mini,0.458839,5
pmlb/228_elusage,FIGS_large,0.484808,13
pmlb/228_elusage,RuleFit,0.468865,7
pmlb/228_elusage,HSTree_mini,0.471935,9
pmlb/228_elusage,HSTree_large,0.425812,2
pmlb/228_elusage,EBM,0.528872,16
pmlb/228_elusage,TabPFN,0.464609,6
pmlb/228_elusage,SparseInteraction,0.480401,11
pmlb/228_elusage,HingeGBM,,
pmlb/229_pwLinear,PyGAM,0.402434,11
pmlb/229_pwLinear,DT_mini,0.485672,17
pmlb/229_pwLinear,DT_large,0.483902,16
pmlb/229_pwLinear,OLS,0.397349,8
pmlb/229_pwLinear,LassoCV,0.390045,6
pmlb/229_pwLinear,RidgeCV,0.394616,7
pmlb/229_pwLinear,RF,0.374468,5
pmlb/229_pwLinear,GBM,0.354602,4
pmlb/229_pwLinear,MLP,0.400872,9
pmlb/229_pwLinear,FIGS_mini,0.401258,10
pmlb/229_pwLinear,FIGS_large,0.428879,13
pmlb/229_pwLinear,RuleFit,0.327694,3
pmlb/229_pwLinear,HSTree_mini,0.481541,15
pmlb/229_pwLinear,HSTree_large,0.469100,14
pmlb/229_pwLinear,EBM,0.405762,12
pmlb/229_pwLinear,TabPFN,0.312818,2
pmlb/229_pwLinear,SparseInteraction,0.290570,1
pmlb/229_pwLinear,HingeGBM,,
pmlb/230_machine_cpu,PyGAM,0.332015,1
pmlb/230_machine_cpu,DT_mini,0.808921,14
pmlb/230_machine_cpu,DT_large,0.670488,10
pmlb/230_machine_cpu,OLS,0.541310,4
pmlb/230_machine_cpu,LassoCV,0.628794,9
pmlb/230_machine_cpu,RidgeCV,0.541304,3
pmlb/230_machine_cpu,RF,0.569563,6
pmlb/230_machine_cpu,GBM,0.577137,7
pmlb/230_machine_cpu,MLP,113.095662,17
pmlb/230_machine_cpu,FIGS_mini,0.804404,13
pmlb/230_machine_cpu,FIGS_large,0.721489,12
pmlb/230_machine_cpu,RuleFit,0.611748,8
pmlb/230_machine_cpu,HSTree_mini,0.808921,15
pmlb/230_machine_cpu,HSTree_large,0.679851,11
pmlb/230_machine_cpu,EBM,0.537511,2
pmlb/230_machine_cpu,TabPFN,1.558065,16
pmlb/230_machine_cpu,SparseInteraction,0.553573,5
pmlb/230_machine_cpu,HingeGBM,,
pmlb/294_satellite_image,PyGAM,0.443186,6
pmlb/294_satellite_image,DT_mini,0.527527,12
pmlb/294_satellite_image,DT_large,0.490853,9
pmlb/294_satellite_image,OLS,0.557316,15
pmlb/294_satellite_image,LassoCV,0.551906,13
pmlb/294_satellite_image,RidgeCV,0.557292,14
pmlb/294_satellite_image,RF,0.393493,3
pmlb/294_satellite_image,GBM,0.409630,4
pmlb/294_satellite_image,MLP,1.342500,17
pmlb/294_satellite_image,FIGS_mini,0.520949,10
pmlb/294_satellite_image,FIGS_large,0.484999,7
pmlb/294_satellite_image,RuleFit,0.630976,16
pmlb/294_satellite_image,HSTree_mini,0.525870,11
pmlb/294_satellite_image,HSTree_large,0.489967,8
pmlb/294_satellite_image,EBM,0.387879,2
pmlb/294_satellite_image,TabPFN,0.321892,1
pmlb/294_satellite_image,SparseInteraction,0.419995,5
pmlb/294_satellite_image,HingeGBM,,
pmlb/344_mv,PyGAM,0.432789,13
pmlb/344_mv,DT_mini,0.289504,12
pmlb/344_mv,DT_large,0.161048,7
pmlb/344_mv,OLS,0.434862,14
pmlb/344_mv,LassoCV,0.435607,16
pmlb/344_mv,RidgeCV,0.434865,15
pmlb/344_mv,RF,0.105879,6
pmlb/344_mv,GBM,0.052105,2
pmlb/344_mv,MLP,0.503838,17
pmlb/344_mv,FIGS_mini,0.202336,9
pmlb/344_mv,FIGS_large,0.095683,5
pmlb/344_mv,RuleFit,0.283315,10
pmlb/344_mv,HSTree_mini,0.289330,11
pmlb/344_mv,HSTree_large,0.161052,8
pmlb/344_mv,EBM,0.054197,3
pmlb/344_mv,TabPFN,0.003225,1
pmlb/344_mv,SparseInteraction,0.069756,4
pmlb/344_mv,HingeGBM,,
pmlb/4544_GeographicalOriginalofMusic,PyGAM,0.656222,9
pmlb/4544_GeographicalOriginalofMusic,DT_mini,0.760770,14
pmlb/4544_GeographicalOriginalofMusic,DT_large,0.766547,15
pmlb/4544_GeographicalOriginalofMusic,OLS,0.622808,4
pmlb/4544_GeographicalOriginalofMusic,LassoCV,0.623070,5
pmlb/4544_GeographicalOriginalofMusic,RidgeCV,0.619506,3
pmlb/4544_GeographicalOriginalofMusic,RF,0.651707,8
pmlb/4544_GeographicalOriginalofMusic,GBM,0.637605,6
pmlb/4544_GeographicalOriginalofMusic,MLP,0.682040,11
pmlb/4544_GeographicalOriginalofMusic,FIGS_mini,0.767211,16
pmlb/4544_GeographicalOriginalofMusic,FIGS_large,0.800177,17
pmlb/4544_GeographicalOriginalofMusic,RuleFit,0.679273,10
pmlb/4544_GeographicalOriginalofMusic,HSTree_mini,0.713209,13
pmlb/4544_GeographicalOriginalofMusic,HSTree_large,0.684131,12
pmlb/4544_GeographicalOriginalofMusic,EBM,0.638056,7
pmlb/4544_GeographicalOriginalofMusic,TabPFN,0.594621,2
pmlb/4544_GeographicalOriginalofMusic,SparseInteraction,0.591035,1
pmlb/4544_GeographicalOriginalofMusic,HingeGBM,,
pmlb/485_analcatdata_vehicle,PyGAM,0.796540,11
pmlb/485_analcatdata_vehicle,DT_mini,0.774051,8
pmlb/485_analcatdata_vehicle,DT_large,0.965954,17
pmlb/485_analcatdata_vehicle,OLS,0.793528,10
pmlb/485_analcatdata_vehicle,LassoCV,0.801525,12
pmlb/485_analcatdata_vehicle,RidgeCV,0.801842,13
pmlb/485_analcatdata_vehicle,RF,0.750254,7
pmlb/485_analcatdata_vehicle,GBM,0.690453,5
pmlb/485_analcatdata_vehicle,MLP,0.853624,15
pmlb/485_analcatdata_vehicle,FIGS_mini,0.637476,4
pmlb/485_analcatdata_vehicle,FIGS_large,0.440642,1
pmlb/485_analcatdata_vehicle,RuleFit,0.511646,2
pmlb/485_analcatdata_vehicle,HSTree_mini,0.828513,14
pmlb/485_analcatdata_vehicle,HSTree_large,0.877271,16
pmlb/485_analcatdata_vehicle,EBM,0.536507,3
pmlb/485_analcatdata_vehicle,TabPFN,0.783011,9
pmlb/485_analcatdata_vehicle,SparseInteraction,0.717058,6
pmlb/485_analcatdata_vehicle,HingeGBM,,
pmlb/503_wind,PyGAM,0.467302,3
pmlb/503_wind,DT_mini,0.585988,15
pmlb/503_wind,DT_large,0.600301,17
pmlb/503_wind,OLS,0.476537,6
pmlb/503_wind,LassoCV,0.476126,5
pmlb/503_wind,RidgeCV,0.476544,7
pmlb/503_wind,RF,0.517654,9
pmlb/503_wind,GBM,0.479852,8
pmlb/503_wind,MLP,0.552230,12
pmlb/503_wind,FIGS_mini,0.564346,13
pmlb/503_wind,FIGS_large,0.529328,10
pmlb/503_wind,RuleFit,0.530703,11
pmlb/503_wind,HSTree_mini,0.588568,16
pmlb/503_wind,HSTree_large,0.583712,14
pmlb/503_wind,EBM,0.467650,4
pmlb/503_wind,TabPFN,0.440553,1
pmlb/503_wind,SparseInteraction,0.452927,2
pmlb/503_wind,HingeGBM,,
pmlb/505_tecator,PyGAM,0.216968,17
pmlb/505_tecator,DT_mini,0.180422,13
pmlb/505_tecator,DT_large,0.183648,16
pmlb/505_tecator,OLS,0.065781,1
pmlb/505_tecator,LassoCV,0.117399,5
pmlb/505_tecator,RidgeCV,0.099752,3
pmlb/505_tecator,RF,0.137423,10
pmlb/505_tecator,GBM,0.124764,7
pmlb/505_tecator,MLP,0.118274,6
pmlb/505_tecator,FIGS_mini,0.174757,12
pmlb/505_tecator,FIGS_large,0.153759,11
pmlb/505_tecator,RuleFit,0.130975,9
pmlb/505_tecator,HSTree_mini,0.180521,14
pmlb/505_tecator,HSTree_large,0.182998,15
pmlb/505_tecator,EBM,0.125832,8
pmlb/505_tecator,TabPFN,0.072168,2
pmlb/505_tecator,SparseInteraction,0.107830,4
pmlb/505_tecator,HingeGBM,,
pmlb/519_vinnie,PyGAM,0.547565,7
pmlb/519_vinnie,DT_mini,0.595927,11
pmlb/519_vinnie,DT_large,0.619221,15
pmlb/519_vinnie,OLS,0.508163,4
pmlb/519_vinnie,LassoCV,0.507563,2
pmlb/519_vinnie,RidgeCV,0.508007,3
pmlb/519_vinnie,RF,0.595308,10
pmlb/519_vinnie,GBM,0.615310,14
pmlb/519_vinnie,MLP,1.880808,17
pmlb/519_vinnie,FIGS_mini,0.607921,13
pmlb/519_vinnie,FIGS_large,0.620204,16
pmlb/519_vinnie,RuleFit,0.562816,8
pmlb/519_vinnie,HSTree_mini,0.588763,9
pmlb/519_vinnie,HSTree_large,0.599960,12
pmlb/519_vinnie,EBM,0.542639,6
pmlb/519_vinnie,TabPFN,0.532404,5
pmlb/519_vinnie,SparseInteraction,0.506677,1
pmlb/519_vinnie,HingeGBM,,
pmlb/522_pm10,PyGAM,0.824931,2
pmlb/522_pm10,DT_mini,0.977739,13
pmlb/522_pm10,DT_large,1.013535,15
pmlb/522_pm10,OLS,0.918897,8
pmlb/522_pm10,LassoCV,0.919460,9
pmlb/522_pm10,RidgeCV,0.918503,7
pmlb/522_pm10,RF,0.930337,10
pmlb/522_pm10,GBM,0.864590,4
pmlb/522_pm10,MLP,6.148758,17
pmlb/522_pm10,FIGS_mini,0.987294,14
pmlb/522_pm10,FIGS_large,1.048937,16
pmlb/522_pm10,RuleFit,0.939123,11
pmlb/522_pm10,HSTree_mini,0.947548,12
pmlb/522_pm10,HSTree_large,0.913548,6
pmlb/522_pm10,EBM,0.825545,3
pmlb/522_pm10,TabPFN,0.815013,1
pmlb/522_pm10,SparseInteraction,0.890416,5
pmlb/522_pm10,HingeGBM,,
pmlb/523_analcatdata_neavote,PyGAM,0.220072,14
pmlb/523_analcatdata_neavote,DT_mini,0.214749,7
pmlb/523_analcatdata_neavote,DT_large,0.214749,8
pmlb/523_analcatdata_neavote,OLS,0.213590,4
pmlb/523_analcatdata_neavote,LassoCV,0.207268,1
pmlb/523_analcatdata_neavote,RidgeCV,0.213698,5
pmlb/523_analcatdata_neavote,RF,0.210905,2
pmlb/523_analcatdata_neavote,GBM,0.214757,11
pmlb/523_analcatdata_neavote,MLP,0.221343,15
pmlb/523_analcatdata_neavote,FIGS_mini,0.214749,9
pmlb/523_analcatdata_neavote,FIGS_large,0.214749,10
pmlb/523_analcatdata_neavote,RuleFit,0.213511,3
pmlb/523_analcatdata_neavote,HSTree_mini,0.218753,12
pmlb/523_analcatdata_neavote,HSTree_large,0.218753,13
pmlb/523_analcatdata_neavote,EBM,0.213992,6
pmlb/523_analcatdata_neavote,TabPFN,0.229832,17
pmlb/523_analcatdata_neavote,SparseInteraction,0.228996,16
pmlb/523_analcatdata_neavote,HingeGBM,,
pmlb/527_analcatdata_election2000,PyGAM,1.701881,16
pmlb/527_analcatdata_election2000,DT_mini,1.242859,10
pmlb/527_analcatdata_election2000,DT_large,1.234649,9
pmlb/527_analcatdata_election2000,OLS,0.000001,1
pmlb/527_analcatdata_election2000,LassoCV,0.085439,3
pmlb/527_analcatdata_election2000,RidgeCV,0.000410,2
pmlb/527_analcatdata_election2000,RF,1.209587,7
pmlb/527_analcatdata_election2000,GBM,1.013245,5
pmlb/527_analcatdata_election2000,MLP,1887.229749,17
pmlb/527_analcatdata_election2000,FIGS_mini,1.343839,13
pmlb/527_analcatdata_election2000,FIGS_large,1.328031,12
pmlb/527_analcatdata_election2000,RuleFit,1.173782,6
pmlb/527_analcatdata_election2000,HSTree_mini,1.226313,8
pmlb/527_analcatdata_election2000,HSTree_large,1.243038,11
pmlb/527_analcatdata_election2000,EBM,1.355861,14
pmlb/527_analcatdata_election2000,TabPFN,1.693645,15
pmlb/527_analcatdata_election2000,SparseInteraction,0.100729,4
pmlb/527_analcatdata_election2000,HingeGBM,,
pmlb/529_pollen,PyGAM,0.461038,4
pmlb/529_pollen,DT_mini,0.782516,17
pmlb/529_pollen,DT_large,0.695603,12
pmlb/529_pollen,OLS,0.459518,1
pmlb/529_pollen,LassoCV,0.459645,3
pmlb/529_pollen,RidgeCV,0.459633,2
pmlb/529_pollen,RF,0.613460,10
pmlb/529_pollen,GBM,0.520837,9
pmlb/529_pollen,MLP,0.466292,6
pmlb/529_pollen,FIGS_mini,0.710752,14
pmlb/529_pollen,FIGS_large,0.622554,11
pmlb/529_pollen,RuleFit,0.714367,15
pmlb/529_pollen,HSTree_mini,0.780597,16
pmlb/529_pollen,HSTree_large,0.699142,13
pmlb/529_pollen,EBM,0.477971,8
pmlb/529_pollen,TabPFN,0.462249,5
pmlb/529_pollen,SparseInteraction,0.467119,7
pmlb/529_pollen,HingeGBM,,
pmlb/537_houses,PyGAM,0.553856,4
pmlb/537_houses,DT_mini,0.711440,15
pmlb/537_houses,DT_large,0.723465,16
pmlb/537_houses,OLS,0.601016,5
pmlb/537_houses,LassoCV,0.689718,13
pmlb/537_houses,RidgeCV,0.601324,6
pmlb/537_houses,RF,0.619303,7
pmlb/537_houses,GBM,0.534688,3
pmlb/537_houses,MLP,3.346552,17
pmlb/537_houses,FIGS_mini,0.658505,10
pmlb/537_houses,FIGS_large,0.638062,9
pmlb/537_houses,RuleFit,0.631968,8
pmlb/537_houses,HSTree_mini,0.708659,14
pmlb/537_houses,HSTree_large,0.684357,12
pmlb/537_houses,EBM,0.515784,2
pmlb/537_houses,TabPFN,0.433956,1
pmlb/537_houses,SparseInteraction,0.676728,11
pmlb/537_houses,HingeGBM,,
pmlb/542_pollution,PyGAM,1.111270,10
pmlb/542_pollution,DT_mini,1.403815,15
pmlb/542_pollution,DT_large,1.284615,13
pmlb/542_pollution,OLS,0.932164,4
pmlb/542_pollution,LassoCV,0.882812,3
pmlb/542_pollution,RidgeCV,0.824457,2
pmlb/542_pollution,RF,1.059139,8
pmlb/542_pollution,GBM,1.038592,7
pmlb/542_pollution,MLP,134.580121,17
pmlb/542_pollution,FIGS_mini,1.165539,11
pmlb/542_pollution,FIGS_large,1.073055,9
pmlb/542_pollution,RuleFit,1.252642,12
pmlb/542_pollution,HSTree_mini,1.414057,16
pmlb/542_pollution,HSTree_large,1.387260,14
pmlb/542_pollution,EBM,1.016350,6
pmlb/542_pollution,TabPFN,0.808721,1
pmlb/542_pollution,SparseInteraction,0.936207,5
pmlb/542_pollution,HingeGBM,,
pmlb/547_no2,PyGAM,0.651745,3
pmlb/547_no2,DT_mini,0.763469,15
pmlb/547_no2,DT_large,0.712038,10
pmlb/547_no2,OLS,0.705119,9
pmlb/547_no2,LassoCV,0.703447,7
pmlb/547_no2,RidgeCV,0.704892,8
pmlb/547_no2,RF,0.678068,6
pmlb/547_no2,GBM,0.653842,4
pmlb/547_no2,MLP,6.596477,17
pmlb/547_no2,FIGS_mini,0.752329,13
pmlb/547_no2,FIGS_large,0.740887,12
pmlb/547_no2,RuleFit,0.763688,16
pmlb/547_no2,HSTree_mini,0.760862,14
pmlb/547_no2,HSTree_large,0.719722,11
pmlb/547_no2,EBM,0.618151,1
pmlb/547_no2,TabPFN,0.629045,2
pmlb/547_no2,SparseInteraction,0.676622,5
pmlb/547_no2,HingeGBM,,
pmlb/556_analcatdata_apnea2,PyGAM,1.147915,13
pmlb/556_analcatdata_apnea2,DT_mini,0.452499,6
pmlb/556_analcatdata_apnea2,DT_large,0.436566,3
pmlb/556_analcatdata_apnea2,OLS,1.410283,15
pmlb/556_analcatdata_apnea2,LassoCV,1.411346,17
pmlb/556_analcatdata_apnea2,RidgeCV,1.410463,16
pmlb/556_analcatdata_apnea2,RF,0.402525,1
pmlb/556_analcatdata_apnea2,GBM,0.471713,9
pmlb/556_analcatdata_apnea2,MLP,1.343332,14
pmlb/556_analcatdata_apnea2,FIGS_mini,0.423232,2
pmlb/556_analcatdata_apnea2,FIGS_large,0.441220,5
pmlb/556_analcatdata_apnea2,RuleFit,0.458487,7
pmlb/556_analcatdata_apnea2,HSTree_mini,0.463995,8
pmlb/556_analcatdata_apnea2,HSTree_large,0.440273,4
pmlb/556_analcatdata_apnea2,EBM,0.483866,10
pmlb/556_analcatdata_apnea2,TabPFN,0.742899,11
pmlb/556_analcatdata_apnea2,SparseInteraction,1.129534,12
pmlb/556_analcatdata_apnea2,HingeGBM,,
pmlb/557_analcatdata_apnea1,PyGAM,1.078336,13
pmlb/557_analcatdata_apnea1,DT_mini,0.427916,8
pmlb/557_analcatdata_apnea1,DT_large,0.463288,10
pmlb/557_analcatdata_apnea1,OLS,1.313179,15
pmlb/557_analcatdata_apnea1,LassoCV,1.313633,17
pmlb/557_analcatdata_apnea1,RidgeCV,1.313382,16
pmlb/557_analcatdata_apnea1,RF,0.325329,1
pmlb/557_analcatdata_apnea1,GBM,0.386248,3
pmlb/557_analcatdata_apnea1,MLP,1.244012,14
pmlb/557_analcatdata_apnea1,FIGS_mini,0.426246,7
pmlb/557_analcatdata_apnea1,FIGS_large,0.461339,9
pmlb/557_analcatdata_apnea1,RuleFit,0.334563,2
pmlb/557_analcatdata_apnea1,HSTree_mini,0.397668,4
pmlb/557_analcatdata_apnea1,HSTree_large,0.419828,5
pmlb/557_analcatdata_apnea1,EBM,0.420712,6
pmlb/557_analcatdata_apnea1,TabPFN,0.648109,11
pmlb/557_analcatdata_apnea1,SparseInteraction,1.059729,12
pmlb/557_analcatdata_apnea1,HingeGBM,,
pmlb/560_bodyfat,PyGAM,0.238406,14
pmlb/560_bodyfat,DT_mini,0.164706,11
pmlb/560_bodyfat,DT_large,0.167601,13
pmlb/560_bodyfat,OLS,0.071091,5
pmlb/560_bodyfat,LassoCV,0.504889,16
pmlb/560_bodyfat,RidgeCV,0.416391,15
pmlb/560_bodyfat,RF,0.035730,3
pmlb/560_bodyfat,GBM,0.033048,2
pmlb/560_bodyfat,MLP,0.948319,17
pmlb/560_bodyfat,FIGS_mini,0.166795,12
pmlb/560_bodyfat,FIGS_large,0.162589,9
pmlb/560_bodyfat,RuleFit,0.042185,4
pmlb/560_bodyfat,HSTree_mini,0.163857,10
pmlb/560_bodyfat,HSTree_large,0.154027,7
pmlb/560_bodyfat,EBM,0.155546,8
pmlb/560_bodyfat,TabPFN,0.011476,1
pmlb/560_bodyfat,SparseInteraction,0.081152,6
pmlb/560_bodyfat,HingeGBM,,
pmlb/561_cpu,PyGAM,0.211573,1
pmlb/561_cpu,DT_mini,0.599289,9
pmlb/561_cpu,DT_large,0.706663,13
pmlb/561_cpu,OLS,0.637897,11
pmlb/561_cpu,LassoCV,0.708958,14
pmlb/561_cpu,RidgeCV,0.637903,12
pmlb/561_cpu,RF,0.755236,15
pmlb/561_cpu,GBM,0.533481,5
pmlb/561_cpu,MLP,731.641462,17
pmlb/561_cpu,FIGS_mini,0.440825,2
pmlb/561_cpu,FIGS_large,0.472701,4
pmlb/561_cpu,RuleFit,0.592204,7
pmlb/561_cpu,HSTree_mini,0.599998,10
pmlb/561_cpu,HSTree_large,0.557159,6
pmlb/561_cpu,EBM,0.596690,8
pmlb/561_cpu,TabPFN,3.669629,16
pmlb/561_cpu,SparseInteraction,0.457143,3
pmlb/561_cpu,HingeGBM,,
pmlb/562_cpu_small,PyGAM,0.204787,4
pmlb/562_cpu_small,DT_mini,0.285635,11
pmlb/562_cpu_small,DT_large,0.244801,8
pmlb/562_cpu_small,OLS,0.611171,14
pmlb/562_cpu_small,LassoCV,0.742457,15
pmlb/562_cpu_small,RidgeCV,0.562913,13
pmlb/562_cpu_small,RF,0.218315,5
pmlb/562_cpu_small,GBM,0.187871,2
pmlb/562_cpu_small,MLP,724.021529,17
pmlb/562_cpu_small,FIGS_mini,0.251926,9
pmlb/562_cpu_small,FIGS_large,0.221763,6
pmlb/562_cpu_small,RuleFit,0.344653,12
pmlb/562_cpu_small,HSTree_mini,0.284538,10
pmlb/562_cpu_small,HSTree_large,0.243118,7
pmlb/562_cpu_small,EBM,0.192590,3
pmlb/562_cpu_small,TabPFN,0.168312,1
pmlb/562_cpu_small,SparseInteraction,0.747580,16
pmlb/562_cpu_small,HingeGBM,,
pmlb/564_fried,PyGAM,0.346522,6
pmlb/564_fried,DT_mini,0.653174,17
pmlb/564_fried,DT_large,0.595760,14
pmlb/564_fried,OLS,0.539413,10
pmlb/564_fried,LassoCV,0.540395,12
pmlb/564_fried,RidgeCV,0.539835,11
pmlb/564_fried,RF,0.481710,8
pmlb/564_fried,GBM,0.302076,3
pmlb/564_fried,MLP,0.321011,4
pmlb/564_fried,FIGS_mini,0.516864,9
pmlb/564_fried,FIGS_large,0.373558,7
pmlb/564_fried,RuleFit,0.619585,15
pmlb/564_fried,HSTree_mini,0.653013,16
pmlb/564_fried,HSTree_large,0.594462,13
pmlb/564_fried,EBM,0.246494,2
pmlb/564_fried,TabPFN,0.210817,1
pmlb/564_fried,SparseInteraction,0.342489,5
pmlb/564_fried,HingeGBM,,
pmlb/573_cpu_act,PyGAM,0.173718,4
pmlb/573_cpu_act,DT_mini,0.253144,11
pmlb/573_cpu_act,DT_large,0.226447,8
pmlb/573_cpu_act,OLS,0.565065,14
pmlb/573_cpu_act,LassoCV,0.742457,15
pmlb/573_cpu_act,RidgeCV,0.559656,13
pmlb/573_cpu_act,RF,0.199308,5
pmlb/573_cpu_act,GBM,0.158850,2
pmlb/573_cpu_act,MLP,912.810974,17
pmlb/573_cpu_act,FIGS_mini,0.239842,9
pmlb/573_cpu_act,FIGS_large,0.199590,6
pmlb/573_cpu_act,RuleFit,0.318561,12
pmlb/573_cpu_act,HSTree_mini,0.253052,10
pmlb/573_cpu_act,HSTree_large,0.224038,7
pmlb/573_cpu_act,EBM,0.167552,3
pmlb/573_cpu_act,TabPFN,0.138887,1
pmlb/573_cpu_act,SparseInteraction,0.814447,16
pmlb/573_cpu_act,HingeGBM,,
pmlb/574_house_16H,PyGAM,0.843692,5
pmlb/574_house_16H,DT_mini,1.013715,13
pmlb/574_house_16H,DT_large,1.000078,11
pmlb/574_house_16H,OLS,1.090515,16
pmlb/574_house_16H,LassoCV,1.089378,15
pmlb/574_house_16H,RidgeCV,0.948074,10
pmlb/574_house_16H,RF,0.805477,4
pmlb/574_house_16H,GBM,0.791205,3
pmlb/574_house_16H,MLP,1.522724,17
pmlb/574_house_16H,FIGS_mini,0.946701,9
pmlb/574_house_16H,FIGS_large,1.033692,14
pmlb/574_house_16H,RuleFit,0.866701,6
pmlb/574_house_16H,HSTree_mini,0.926102,8
pmlb/574_house_16H,HSTree_large,0.888054,7
pmlb/574_house_16H,EBM,0.749094,2
pmlb/574_house_16H,TabPFN,0.697664,1
pmlb/574_house_16H,SparseInteraction,1.006730,12
pmlb/574_house_16H,HingeGBM,,
pmlb/579_fri_c0_250_5,PyGAM,0.373253,4
pmlb/579_fri_c0_250_5,DT_mini,0.617478,16
pmlb/579_fri_c0_250_5,DT_large,0.600312,11
pmlb/579_fri_c0_250_5,OLS,0.611667,15
pmlb/579_fri_c0_250_5,LassoCV,0.608192,13
pmlb/579_fri_c0_250_5,RidgeCV,0.610202,14
pmlb/579_fri_c0_250_5,RF,0.456948,7
pmlb/579_fri_c0_250_5,GBM,0.383433,6
pmlb/579_fri_c0_250_5,MLP,0.381325,5
pmlb/579_fri_c0_250_5,FIGS_mini,0.664213,17
pmlb/579_fri_c0_250_5,FIGS_large,0.553570,9
pmlb/579_fri_c0_250_5,RuleFit,0.503013,8
pmlb/579_fri_c0_250_5,HSTree_mini,0.604309,12
pmlb/579_fri_c0_250_5,HSTree_large,0.565164,10
pmlb/579_fri_c0_250_5,EBM,0.297237,2
pmlb/579_fri_c0_250_5,TabPFN,0.219680,1
pmlb/579_fri_c0_250_5,SparseInteraction,0.363933,3
pmlb/579_fri_c0_250_5,HingeGBM,,
pmlb/581_fri_c3_500_25,PyGAM,0.324344,3
pmlb/581_fri_c3_500_25,DT_mini,0.668996,11
pmlb/581_fri_c3_500_25,DT_large,0.568890,7
pmlb/581_fri_c3_500_25,OLS,0.949085,15
pmlb/581_fri_c3_500_25,LassoCV,0.948237,14
pmlb/581_fri_c3_500_25,RidgeCV,0.950912,16
pmlb/581_fri_c3_500_25,RF,0.437155,5
pmlb/581_fri_c3_500_25,GBM,0.309444,2
pmlb/581_fri_c3_500_25,MLP,1.088055,17
pmlb/581_fri_c3_500_25,FIGS_mini,0.577748,8
pmlb/581_fri_c3_500_25,FIGS_large,0.453065,6
pmlb/581_fri_c3_500_25,RuleFit,0.601470,10
pmlb/581_fri_c3_500_25,HSTree_mini,0.668996,12
pmlb/581_fri_c3_500_25,HSTree_large,0.595529,9
pmlb/581_fri_c3_500_25,EBM,0.345832,4
pmlb/581_fri_c3_500_25,TabPFN,0.164618,1
pmlb/581_fri_c3_500_25,SparseInteraction,0.925622,13
pmlb/581_fri_c3_500_25,HingeGBM,,
pmlb/1196_BNG_pharynx,HingeGBM,,
pmlb/1595_poker,HingeGBM,,
